"","site_transect","ACROP","ACROPARB","ACROST","ACROTBL","ASTRP","CAUL","COSC","CTEN","CYPH","DIPLO","ECHPO","ECHPHY","FAV","FAVT","FUNG","GAL","GON","GONIO","HYD","ISOP","LEPT","LEPTOR","LEPTOS","LOBOPH","MERU","MILL","MONT","MONTI","OXYP","PACHY","PAV","PLAT","POC","POR","PORCYL","PORMAS","PORRUS","PSAM","STYLO","SYMP","TURBIN"
"1","Aasu_1",0,0,0,0,0,0,0,0,0,0,0,0,0,0,0,0,0,0,0,0,0,0,0,0,0,0,0,5.38461538461539,0,0,1.53846153846154,0,1.53846153846154,0,0,0,14.6153846153846,0,0,0,0
"2","Aasu_2",1.53846153846154,0,0,0,0,0,0,0,0,0,0,0,0,0,0,0,0,0,0,0,0,0,0,0,0,0,0,12.3076923076923,0,0,1.53846153846154,0,4.61538461538461,0,0,0,26.1538461538462,0,0,0,0
"3","Aasu_3",2.30769230769231,0,0,0,0.769230769230769,0,2.30769230769231,0,0,0,0,0,0,0.769230769230769,0,0,0,0,0,0,0.769230769230769,0,0,0,0,0,0,22.3076923076923,0,0,1.53846153846154,0,0.769230769230769,0,0,2.30769230769231,1.53846153846154,0,0,0,0
"4","Aasu_4",0.769230769230769,0,0,0,3.07692307692308,0,0,0,0,0,0,0,0,0,0,0,0,1.53846153846154,0,0,0,0,0,0,0,0,0,22.3076923076923,0,0,0,0,0.769230769230769,0,0,0,0,0,0,0,0
"5","Aasu_5",3.07692307692308,3.07692307692308,0,3.07692307692308,0,0,0,0,0,0,0,0,0,0,0,0,0,0,0,0,0.769230769230769,0,0,0,0,0,0,22.3076923076923,0,0,1.53846153846154,0,0.769230769230769,0,0,0,0,0,0,0,0
"6","Aasu_6",6.15384615384615,0.769230769230769,0,2.30769230769231,2.30769230769231,0,2.30769230769231,0,0,0,0.769230769230769,0,0,0,0,0,0,0,0,0,0,0,0,0,0,0,0.769230769230769,19.2307692307692,0,0,2.30769230769231,0,0.769230769230769,0,0,1.53846153846154,0,0,0,0,0
"7","Afono_1",0,0,0,0,0,0,0.769230769230769,0,0,0,0,0,0,2.30769230769231,0,0,0,0,0,0.769230769230769,0,0,0,0,0,0,0,5.38461538461539,0,0,0,0,0,0,0,1.53846153846154,7.69230769230769,0,0,0,0
"8","Afono_2",1.53846153846154,0,0,0,0,0,0,0,0,0,0,0,0,0.769230769230769,0,0,0,0,0,0,0.769230769230769,0,0,0,0,0,0,3.07692307692308,0,0,2.30769230769231,0,0.769230769230769,0,0,0,7.69230769230769,0,0,0,0
"9","Afono_3",0,0,0,0,0,0,0.769230769230769,0,0,0,0,0,0,0,0,0.769230769230769,0,0,0,0,0.769230769230769,0,0,0,0,0,0,8.46153846153846,0,0,3.07692307692308,0,1.53846153846154,0,0,0,10.7692307692308,0,0,0,0
"10","Afono_4",0,0,0,0,0,0,0,0,0,0,0,0,0,0,0,0,0,0,0,0,0,0,0,0,0,0,0,11.2,0,0,0.8,0,0,0,0,0.8,2.4,0,0,0,0
"11","Afono_5",0,0,0,0,0,0,0,0,0,0,0,0,0,0,0,0.769230769230769,0,0,0,0,0,0,0,0,0,0,0,10,0,0,2.30769230769231,0,0,0,0,0,3.07692307692308,0,0,0,0
"12","Afono_6",0,0,0,0,0,0,0,0,0,0,0.769230769230769,0,0,0,0,0,0,0,0,0,0,0,0,0,0,0,0,3.84615384615385,0,0,1.53846153846154,0,0,0,0,0,4.61538461538461,0,0,0,0
"13","Alega_1",0,0,0,0,0,0,0,0,0,0,0,0,0.769230769230769,1.53846153846154,0,0,0,0,1.53846153846154,0,0,0,0,3.84615384615385,0,0,0,0.769230769230769,0,0,0.769230769230769,2.30769230769231,0.769230769230769,0,0,1.53846153846154,0,0,0,0,0
"14","Alega_2",0.769230769230769,0,0,0,0,0,0,0,0,0,0,0,0,0.769230769230769,0,0,0,0.769230769230769,0,0,0.769230769230769,0,0,0,0,0,0,0.769230769230769,0,0,0.769230769230769,0,2.30769230769231,0,0,0,0.769230769230769,0,0,0,0
"15","Alega_3",0,0,0,0,0,0,0,0,0,0,0,0,2.30769230769231,0,0,0,0,0,0,0,0,0,0,0,0,0,0,6.15384615384615,0,0,0,0,0,0,0,0,0,0,0,0,0
"16","Alega_4",0,5.38461538461539,0,0,0,0,0,0,0,0,0,0,0.769230769230769,0,0,0,0,2.30769230769231,0,0.769230769230769,0,0,0,0,0,0,0,3.07692307692308,0,0,0,0.769230769230769,0,0,0,6.92307692307692,3.07692307692308,0,0,0,0
"17","Alega_5",1.53846153846154,0,0,0,0,0,0,0,0,0,0,0,0,0,0,0,0,0,0,0,1.53846153846154,0,0,0.769230769230769,0,0,0,1.53846153846154,0,0,0,0,0,0,0,0.769230769230769,4.61538461538461,0,0,0,0
"18","Alega_6",0,0,0,0,0,0,0,0,0,0,0,0,0,0,0,0,0,0,0,0,0,0,0,0,0,0,0,3.84615384615385,0,0,0,0,0,0,0,0,0,0,0,0,0
"19","Alofau_1",0,0,0,0.769230769230769,0,0,0,0,0,0,0,0,0,0,0,0,0,0,0,0,0,0,0,0,0,0,0,3.07692307692308,0,0,0.769230769230769,0,0,0,0,0,3.84615384615385,0,0,0,0
"20","Alofau_2",0,0,0,0,0,0,0,0,0,0,0,0,0,0,0,0.769230769230769,0,0,0,0,0,0,0,0,0,0,0,1.53846153846154,0,0,3.84615384615385,0,0,0,0,0,3.07692307692308,0,0,0,0
"21","Alofau_3",0,0,0,0,0,0,0,0,0,0,0,0,0,0,0,0,0,0,0,0.769230769230769,0,0,0,0,0,0,0,0.769230769230769,0,0,0,0,0,0,0,0,15.3846153846154,0,0,0,0
"22","Alofau_4",0,0,0,0,0,0,0,0,0,0,0,0,0,0,0,0,0,0,0,0,0.769230769230769,0,0,0,0,0,0,2.30769230769231,0,0,1.53846153846154,0,0,0,0,0,0.769230769230769,0,0,0,0
"23","Alofau_5",0,0,0,0,0,0,0.8,0,0,6.4,0,0,0,0,0,0,0,0,0,0,0,0,0,0,0,0,0,3.2,0,0,0,0,0,0,0,0,5.6,0,0,0,0
"24","Alofau_6",0,0,0,0,0,0,0,0,0,0,0,0,0,0,0,0,0,0,0,0,0,0,0,0,0,0,0,0.769230769230769,0,0,0,0,0,0,0,0,19.2307692307692,0,0,0,0
"25","Amalau_1",0,0,0,3.07692307692308,0,0,0,0,0,0,0,0,1.53846153846154,0,0,0,0,0,0,0,0,0,0,0,0,0,1.53846153846154,18.4615384615385,0,0,4.61538461538461,0,0,0,0,1.53846153846154,21.5384615384615,0,0,0,0
"26","Amalau_2",3.07692307692308,7.69230769230769,0,0,0,0,0.769230769230769,0,0,0,0,0,0.769230769230769,2.30769230769231,0,0,0,0.769230769230769,0,0,1.53846153846154,0,0.769230769230769,0,0,0,0.769230769230769,24.6153846153846,0,0,10,1.53846153846154,0,0,0,1.53846153846154,4.61538461538461,0,0,0,0
"27","Amalau_3",3.84615384615385,2.30769230769231,0,2.30769230769231,0,0,0,0,0,0,0,0,1.53846153846154,0,0,0,0,0,0,0,0.769230769230769,0.769230769230769,0,0,0,0,0.769230769230769,28.4615384615385,0,0,14.6153846153846,2.30769230769231,0,0,0,1.53846153846154,6.15384615384615,0,0,0,0
"28","Amalau_4",3.07692307692308,0,0,0,0,0,0,0,0,0,0,0,0,0,0,0,1.53846153846154,0,0,0,2.30769230769231,2.30769230769231,0,0.769230769230769,0,0,2.30769230769231,23.8461538461538,0,0,9.23076923076923,0,1.53846153846154,0,0,0,0,0,0,0,0
"29","Amalau_5",3.2,9.6,0,4.8,0,0,0,0,0,0,0,0,1.6,0,0,0,0,0,0,0,1.6,0,0,0,0,0,2.4,16.8,0,0,13.6,0,0,0,0,0,0.8,0,0,0,0
"30","Amalau_6",3.84615384615385,10.7692307692308,0,0,0,0,0,0,0,0,0,0,0.769230769230769,0,0,0,0,0,0,0,0,0,0,0,0,0,0.769230769230769,26.9230769230769,0,0,15.3846153846154,0.769230769230769,0,0,0,0,2.30769230769231,0,0,0,0
"31","Amaluia_1",1.53846153846154,0,14.6153846153846,1.53846153846154,0,0,0,0,0,0,1.53846153846154,0,0,0,0,0,0,0,0,14.6153846153846,0.769230769230769,0,0,0,1.53846153846154,0,0,7.69230769230769,0,0,0,0,1.53846153846154,0,0,0,2.30769230769231,0,0,0,5.38461538461539
"32","Amaluia_2",0.769230769230769,0,0,0,0,0,0,0,0,0,0,0,0,0.769230769230769,0,0.769230769230769,0,0,0,13.8461538461538,0,0,0,0,4.61538461538461,0,0.769230769230769,5.38461538461539,0,0,0.769230769230769,0,0,0,0,0,3.84615384615385,0,0,0,6.15384615384615
"33","Amaluia_3",0.769230769230769,3.07692307692308,0,0,0,0,0,0,0,0,0,0,0,0,0,0,0,0,0,30,0,0,0,0,0,0,0,7.69230769230769,0,0,0,0,1.53846153846154,0,0,2.30769230769231,0.769230769230769,0,0,0,0
"34","Amaluia_4",10,0,4.61538461538461,0.769230769230769,0,0,0,0,0,0,0,0,0,0,0,0,0.769230769230769,0,0,16.1538461538462,0,0,0,0,6.15384615384615,0,0,3.07692307692308,0,0,0,0,0.769230769230769,0,0,0,1.53846153846154,0,0,0,4.61538461538461
"35","Amaluia_5",0.769230769230769,0,0,0,0,1.53846153846154,0,0,0,0,0,0,0,0,0,0,0,0,0,10,0,0.769230769230769,0,0,4.61538461538461,0,0,13.8461538461538,0,0,0,0,0,0,0,0,4.61538461538461,0.769230769230769,0,0,3.07692307692308
"36","Amaluia_6",4.61538461538461,0,1.53846153846154,0,0,0,0,0,0,0,0,0.769230769230769,0,0,0,0,0,0.769230769230769,0,22.3076923076923,0,0,0,0,7.69230769230769,0,0,7.69230769230769,0,0,0.769230769230769,0,0,0,0,2.30769230769231,6.92307692307692,0,0,0,6.15384615384615
"37","Amanave_1",0,0,0,0,0,0,0,0,0,0,0,0,0,0,0,0,0,0,0,32.3076923076923,0,0,0,0,0.769230769230769,0,0,6.92307692307692,0,0,0,0,0.769230769230769,0,0,0,1.53846153846154,0,0,0,0
"38","Amanave_2",0.769230769230769,0,0,0,0,0,0,0,0,0,0.769230769230769,0,0,0,0,0,0,0,0,43.0769230769231,0,0,0,0,0,0,0,6.92307692307692,0,0,0,0,1.53846153846154,0,0,0,0.769230769230769,0,0,0,0
"39","Amanave_3",0.769230769230769,0,0,3.84615384615385,0,0,0,0,0,0,0,0,0.769230769230769,0,0,0,0,0,0,35.3846153846154,0,0,0,0,3.07692307692308,0,0,6.15384615384615,0,0,0,0,1.53846153846154,0,0,1.53846153846154,2.30769230769231,0,0,0,0
"40","Amanave_4",2.30769230769231,6.15384615384615,0,0,0,0,0,0,0,0,0,0,0,0,0,0,3.84615384615385,0.769230769230769,0,40.7692307692308,0,0,0,0,0,0,0,8.46153846153846,0,0,0,0,0,0,0,0,3.84615384615385,0,0,0,0
"41","Amanave_5",1.53846153846154,6.15384615384615,0,1.53846153846154,0,0,0.769230769230769,0,0,0,1.53846153846154,0,0,0,0,0,0,0,0,40,1.53846153846154,0,0,0,0,0,0,5.38461538461539,0,0,0,0,4.61538461538461,0.769230769230769,0,0,4.61538461538461,0,0,0,0
"42","Amanave_6",6.15384615384615,0.769230769230769,0,0,0,0,0,0,0,0,0.769230769230769,0,0,0,0,0.769230769230769,0,0,0,33.0769230769231,0,0,0,0,0,0,0,7.69230769230769,0,0,0,0,4.61538461538461,0,0,0,0,0,0,0,0
"43","Amaua_1",0,0,0,8.46153846153846,0,0,0,0,0,0,0,0,0,0,0,0,1.53846153846154,0,0,0,0.769230769230769,0,0,0,0,0,0.769230769230769,22.3076923076923,0,0,0,0,0,0,0,1.53846153846154,0,0,0,0,0
"44","Amaua_2",0,0,0,0,0,0,0,0,0,0.769230769230769,0,0,0,0,0,0,0,3.07692307692308,0,0,0,0,0,0,0,0,0.769230769230769,0,0,0,0,0,0,0,0,0,0,0,0,0,0
"45","Amaua_3",0,0,0,0,0,0,0,0,0,0,0,0,0.769230769230769,0,0,0,0,5.38461538461539,0,0,0,0,0,0,0,0,0,2.30769230769231,0,0,0.769230769230769,0,0,0,0,0,0,0,0,0,0
"46","Amaua_4",0,0,0,0,0,0,0,0,0,0,0,0,0.769230769230769,0,0,0,0,0,0,0,0.769230769230769,0,0,0,0,0,0.769230769230769,3.07692307692308,0,0,0.769230769230769,0,0,0,0,0,0,0,0,0,0
"47","Amaua_5",0,0,0,0,0,0,0,0,0,0,0,0,0,0,0,0,0,0,0,0,0,0,0,0,0,0,0,1.53846153846154,0,0,0,0,0,0,0,0,0,0,0,0,0
"48","Amaua_6",0,0,0,0,0,0,0,0,0,0,0,0,0,1.53846153846154,0,0.769230769230769,0,0,0,0,0,0,0,0,0,0,0,3.07692307692308,0,0,0,0,0,0,0,0,0,0,0,0,0
"49","Amouli_1",0.769230769230769,0,0,5.38461538461539,0,0,0,0,0,0,0,0,2.30769230769231,0,0,0,0,0,0,3.07692307692308,0,0,0,0,0,0,1.53846153846154,10,0,0,0,0,2.30769230769231,0,0,0,5.38461538461539,0,0,0,0
"50","Amouli_2",0,0,0,0,0,0,0,0,0,0,0,0,2.30769230769231,0,0,0.769230769230769,0,0,0,1.53846153846154,0,0,0,0,0,0,0.769230769230769,7.69230769230769,0,0,3.07692307692308,0,1.53846153846154,0,0,0,3.84615384615385,0,0,0,0
"51","Amouli_3",0,0.769230769230769,0,0,0,0,0,0,0,0,0,0,0,0,0.769230769230769,0.769230769230769,0.769230769230769,0,0,2.30769230769231,0,0,0,0,0,0.769230769230769,0.769230769230769,4.61538461538461,0,0,0,0,0,0,0,0,1.53846153846154,0,0,0,0
"52","Amouli_4",2.30769230769231,0,0,0,0,0,0,0,0,0,0,0,0,1.53846153846154,0,0,0.769230769230769,0,0,15.3846153846154,0.769230769230769,0,0,0,0,0,3.07692307692308,12.3076923076923,0,0,3.07692307692308,0,2.30769230769231,0,0,0.769230769230769,2.30769230769231,0,0,0,0
"53","Amouli_5",0,0.8,0,0,0,0,0,0,0,2.4,0,0,2.4,0,0,0,0,0,0,7.2,0.8,0,0,0,0,0,1.6,6.4,0,0,0.8,0,4,0.8,0,0,0,0,0,0,0
"54","Amouli_6",1.53846153846154,0,1.53846153846154,0,0,0,0,0,0,0,0.769230769230769,0,0.769230769230769,0,0,1.53846153846154,5.38461538461539,0,0,10.7692307692308,0,0,0,0,0,0.769230769230769,0,6.15384615384615,0,0,0,0,0.769230769230769,0,0,0,4.61538461538461,0,0.769230769230769,0,0
"55","Aoa_1",0.769230769230769,0,0,0,0,0,2.30769230769231,0,0,0,0,0,0,0,0,0,0,0,0,0,0,0,0,0,0,0,0,20,0,0,0.769230769230769,0,0,0,0,0,16.9230769230769,0.769230769230769,0,0,0
"56","Aoa_2",0,0,0,0,0,0,0,0,0,0,0,0,0.769230769230769,0,0,0,0,0,0,0,0,0,0,0,0,0,0,7.69230769230769,0,0,3.84615384615385,0,2.30769230769231,0,0,0.769230769230769,22.3076923076923,0,0,0,0
"57","Aoa_3",0,0,0,0,0,0,0,0,0,0,0,0,0,3.07692307692308,0,0,0.769230769230769,0,0,0,0.769230769230769,0,0,0,0,0,0,19.2307692307692,0,0,0.769230769230769,0,0,0,0,0,34.6153846153846,0,0,0,0
"58","Aoa_4",0,0,0,0,0,0,0.769230769230769,0,0,0,0,0,0,0,0,0,0,0,0,0,0.769230769230769,0,0,0,0,0,0,25.3846153846154,0,0,7.69230769230769,0,0,0,0,0,16.1538461538462,0,0,0,0
"59","Aoa_5",0,0,0,0,0.769230769230769,0,0,0,0,0,0,0,0,0,0,0,0,3.84615384615385,0.769230769230769,0,0,0,0.769230769230769,0,0,0,0,6.92307692307692,0,0,0.769230769230769,0,0.769230769230769,0,0,0,29.2307692307692,0,0,0,0
"60","Aoa_6",0,0,0,0,0,0,0,0,0,0,0,2.30769230769231,0,0,0,0,0,5.38461538461539,0,0,0,0,0,0,0,0,0,30.7692307692308,0,0,1.53846153846154,0,1.53846153846154,0,0,0,19.2307692307692,0,0,0,0
"61","Fagaalu_1",0,0,0,0,0,0,0,0,0,0,0,0,0,0,0,0.769230769230769,0,0,0,0,0,0,0,0,0,0,0,0,0,0,0,0,0,0,0,0,0,0,0,0,0
"62","Fagaalu_2",0,0,0,0,0,0,0,0,0,0,0,0,0,0,1.53846153846154,0,0,0,0,0,0,0,0,0,0,0,0,1.53846153846154,0,0,7.69230769230769,0,0,0,0,0,2.30769230769231,0,0,0,0
"63","Fagaalu_3",0,0,0,0,0,0,0,0,0,0,0,0,0,0,0.769230769230769,0,0,0,0,0,0,0,0,0,0,0,0,4.61538461538461,0,0,6.15384615384615,0,0,0,0,0,0,0,0,0,0
"64","Fagaalu_4",0,3.07692307692308,0,0,0,0,0,0,0,0,0,0,0,0,0,0,0,0,0,0,0,0,0,0,0,0,0,4.61538461538461,0,0,3.07692307692308,0,0.769230769230769,0,0,0,0,0,0,0,0
"65","Fagaalu_5",0,0,0,0,0,0,0,0,0,0,0,0,0,0,0,0,0,0,0,0,0,0,0,0,0,0.769230769230769,0,1.53846153846154,0,0,8.46153846153846,1.53846153846154,0,0,0,0,0,0,0,0,0
"66","Fagaalu_6",0.769230769230769,0,0,0,0,0,0,0,0,0,0,0,0,0,0.769230769230769,0,0,0,0,0,0,0,0,0,0,0,0.769230769230769,0,0,0,3.84615384615385,0,0,0,0,0,1.53846153846154,0,0,0,0
"67","Fagaitua_1",6.15384615384615,0,0,13.8461538461538,0,0,0,0,0,0,0,0,0,0,0,0,0,0,0,0,0,0,0,0,0,0,1.53846153846154,12.3076923076923,0,0,6.15384615384615,0.769230769230769,3.07692307692308,0,0,0,0.769230769230769,0,0,0,0
"68","Fagaitua_2",3.07692307692308,0,0.769230769230769,15.3846153846154,0,0,1.53846153846154,0,0,0,0.769230769230769,0,0,0,0.769230769230769,0,0,0,0.769230769230769,0,0,0,0,0.769230769230769,0,0,0,7.69230769230769,0,0,6.15384615384615,0,2.30769230769231,0,0,0,0,0.769230769230769,0,0,0
"69","Fagaitua_3",3.84615384615385,4.61538461538461,2.30769230769231,3.84615384615385,0,0,0,0,0,0,0,0,0,0,0,0.769230769230769,2.30769230769231,4.61538461538461,0,0,0,0,0,0.769230769230769,0,0,0,12.3076923076923,0,0,2.30769230769231,2.30769230769231,0.769230769230769,0,0,0,0,0,0,0,0
"70","Fagaitua_4",10.7692307692308,2.30769230769231,1.53846153846154,0,0,0,0,0,0,0,0,0,0,0,0,0,0,0,3.84615384615385,0,0,0,0,6.15384615384615,0,0,0.769230769230769,11.5384615384615,0,0,3.84615384615385,0,0.769230769230769,0,0,0,0,0,0,0,0
"71","Fagaitua_5",4.61538461538461,0.769230769230769,0,7.69230769230769,0,0,0,0,0,0,0,0,0,0,0,0.769230769230769,0,0,0,0,0,0,0,0,0,0,0.769230769230769,19.2307692307692,0,0,3.07692307692308,0,0.769230769230769,0,0,0,4.61538461538461,0,0,0,0
"72","Fagaitua_6",7.69230769230769,3.84615384615385,0,7.69230769230769,0,0,0,0,0,0,0,0,0,0,0.769230769230769,0,0,0,0,1.53846153846154,0,0,0,0,0,0,1.53846153846154,11.5384615384615,0,0,2.30769230769231,0,1.53846153846154,0,0,0,0,0,0,0,0
"73","Fagamalo_1",0,0,0,0,0,0,0,0,0,0,0,0,0,0,0,0,0,0,0,0,0,0,0,0,0,0,0,0.769230769230769,0,0,1.53846153846154,0,1.53846153846154,0,0,0,26.1538461538462,0,0,0,0
"74","Fagamalo_2",0,0,0,3.07692307692308,0,0,0,0,0,0,0,0,0,0,0,0,0,0,0,0,0,0,0,0,0,0,0,0,0,0,2.30769230769231,0,0,0,0,4.61538461538461,15.3846153846154,0,0,0,0
"75","Fagamalo_3",0,0,0,0,0,0,0,0,0,0,0,0,0,0,0,0,0,0,0,0,0,0,0,0,0,0,0,0,0,0,0,0,0,0,0,0.769230769230769,30.7692307692308,0,0,0,0
"76","Fagamalo_4",0,3.07692307692308,0,1.53846153846154,0,0,0,0,0,0,0,0,0,0,0,0,0,0,0,0,0,0,0,0,0,0,0,0,0,0,0.769230769230769,0.769230769230769,0,0,0,1.53846153846154,9.23076923076923,0,0,0,0
"77","Fagamalo_5",0,0,0,0,0,0,0,0,0,0,0,0.769230769230769,0,0,0,0,0,0,0,0,0.769230769230769,0,0,0,0,0,0.769230769230769,0,0,0,1.53846153846154,0,3.84615384615385,0,0,0,3.07692307692308,0,0,0,0
"78","Fagamalo_6",0,0.769230769230769,0,3.84615384615385,0,0,0,0,0,0,0,0,0,0,0,0,0,0,0,0,1.53846153846154,0,0,0,0,0,1.53846153846154,0.769230769230769,0,0,0,0,0,0,0,6.15384615384615,0,0,0,0,0
"79","Fagasa2_1",0,0,0,0,0,0,0,0,0,0,0,0,0,0,0.769230769230769,0,0,0,0,0,0,0,0,0,0,0,0,0,0,0,0.769230769230769,0,0.769230769230769,0,6.92307692307692,0.769230769230769,16.9230769230769,0,0,0,0
"80","Fagasa2_2",0,0,0,0,0,0,0,0,0,0,0,0,0,0,0,0,0,0,0,0,0,0,0,0,0,0,0,0,0,0,1.53846153846154,0,0,0,7.69230769230769,7.69230769230769,13.8461538461538,0,0,0,0
"81","Fagasa2_3",0,0,0,0,0,0,0,0,0,0,0,0,0,0,0,0,0,0,0,0,0,0,0.769230769230769,0,0,0,0,4.61538461538461,0,0,5.38461538461539,0,0.769230769230769,0,0,6.92307692307692,3.07692307692308,0,0,0,0
"82","Fagasa2_4",0,0,0,0,0,0,0.769230769230769,0,0,0,0,0,0.769230769230769,0,0,0,0,0,0,0,0,0,0,0,0.769230769230769,0,0,0,0,0,6.15384615384615,0,2.30769230769231,0,0,4.61538461538461,10.7692307692308,0,0,0,0
"83","Fagasa2_5",0,0,0,0,0,0,0,0,0,0,0,0,2.30769230769231,0,0,0,0,0,0,0,0,0,0,0,0,0,0,0.769230769230769,0,0,1.53846153846154,1.53846153846154,0.769230769230769,0,0,6.92307692307692,0,0,0,0,0
"84","Fagasa2_6",0,0,0,0,0,0,0,0,0,0,0,0,0.769230769230769,0,0,0,0,0,0,0,0,0,0,0,0,0,0,2.30769230769231,0,0,2.30769230769231,0,0.769230769230769,0,0,1.53846153846154,2.30769230769231,0,0,0,0
"85","Fagatele_1",6.15384615384615,0,10.7692307692308,0,0,0,0,0,0,0,1.53846153846154,0,0,0,0,0,0,0,5.38461538461539,0.769230769230769,0,0,0,0.769230769230769,1.53846153846154,0,0,2.30769230769231,0,0,0,0,1.53846153846154,0.769230769230769,1.53846153846154,0,7.69230769230769,0,0,0,0
"86","Fagatele_2",18.4615384615385,0,0,0,0,0,0,0,0,0,6.15384615384615,0,0,0,0,1.53846153846154,0,0,0,0,0,0,0,0,1.53846153846154,0,0,7.69230769230769,0,0,0,0,0.769230769230769,0,5.38461538461539,0,5.38461538461539,0,0,0,0
"87","Fagatele_3",12.3076923076923,0,0,1.53846153846154,0,0,2.30769230769231,0,0,0,0,0,0,0,0,0,0.769230769230769,0,0,0,0,0,0,0,2.30769230769231,0.769230769230769,0.769230769230769,11.5384615384615,0,0,1.53846153846154,0,0.769230769230769,0,0,0,15.3846153846154,0,0,0,0
"88","Fagatele_4",6.15384615384615,0,3.07692307692308,6.15384615384615,0,0,0,0,0,0,0,0,0,0,0,0.769230769230769,0,0,0.769230769230769,0,0,0,0,0,1.53846153846154,0,0,10,0,0,2.30769230769231,0,0.769230769230769,0,0,0,4.61538461538461,0,0,0,0
"89","Fagatele_5",1.53846153846154,0,0,16.1538461538462,0,0,0,0,0,0,0,0,0,0,0,0.769230769230769,0,0,0,3.07692307692308,0,0,0,0,0.769230769230769,0,0,10,0,0,0.769230769230769,0,0.769230769230769,0,0,0,5.38461538461539,0,0,0,0
"90","Fagatele_6",6.15384615384615,0,0,4.61538461538461,0,0,0,0,0,0,0,0,0,0.769230769230769,0,0.769230769230769,0,0,0,0.769230769230769,0.769230769230769,0,0,0,0,0,0,15.3846153846154,0,0,0,0,0.769230769230769,0,0,0,2.30769230769231,0,0,0,0
"91","Laulii_1",0,0,0,0,0,0,0,0,0,0,2.30769230769231,0,0,0,0,0,0,1.53846153846154,0,0.769230769230769,0,0,0,0,0,0,0,1.53846153846154,0,0,0,0.769230769230769,0.769230769230769,0,0,0,9.23076923076923,0,0,0,0
"92","Laulii_2",0,0,0,0,0,0,0.8,0,0,0,0,0,0.8,0,0,0.8,0.8,0,0,0,0,0,0,3.2,0.8,0,0,4,0,0,1.6,0,0.8,0,0,0,4,0,0,0,0
"93","Laulii_3",0,0,0,0,0,0,0,0,0,0,0,0,0,0,0,0,0,0,0,0,0,0,0,18.4615384615385,0,0,0,4.61538461538461,0,0,1.53846153846154,0,0.769230769230769,0,0,0,0,0,0,0,0
"94","Laulii_4",1.53846153846154,0,0,0,0.769230769230769,0,0,0,0,0,0,0,0,0,0,0.769230769230769,0,0,0,0,0,0.769230769230769,0,4.61538461538461,0,0,0,11.5384615384615,0,0,0.769230769230769,0,0,0,0,0,13.0769230769231,0,0,0,0
"95","Laulii_5",0,0,0,0,0,0,0,0,0,0,0.769230769230769,0,0,0,0,0.769230769230769,0,0,0,0,0,0,0,0,0,0.769230769230769,0,0,0,0,1.53846153846154,1.53846153846154,0,0,0,0,12.3076923076923,0,0,0,0
"96","Laulii_6",0.769230769230769,0,0,1.53846153846154,0.769230769230769,0,0,0,0,0,0,0,0,0,0,1.53846153846154,0,0,0,0,0,0.769230769230769,0,0,0,0,0.769230769230769,0,0,0,0.769230769230769,0.769230769230769,1.53846153846154,0,0,0,13.0769230769231,0,0,0,0
"97","Leone2_1",3.07692307692308,7.69230769230769,3.84615384615385,1.53846153846154,0,0,0,0,0,0,0,0,0,0,0,0,0,0,0,10.7692307692308,0,0,0,0,0,0,0.769230769230769,13.8461538461538,0,0,2.30769230769231,0,0,0,0,0,6.92307692307692,0,0,0,0
"98","Leone2_2",0.769230769230769,2.30769230769231,0.769230769230769,2.30769230769231,0,0,0,0,0,0,0,0,0.769230769230769,0,0,0,0.769230769230769,0,0,13.8461538461538,0,0,0,0,0,0,0,14.6153846153846,0,0,2.30769230769231,0,0,0,0,0,6.15384615384615,0,0,0,0
"99","Leone2_3",3.84615384615385,4.61538461538461,0,3.84615384615385,0,0,0,0,0,0,0,0,0,0,0,0,0,0.769230769230769,0,7.69230769230769,0,0,0,0,2.30769230769231,0,0,19.2307692307692,0,0,0.769230769230769,0,0,0,0,3.84615384615385,1.53846153846154,0,0,0,0
"100","Leone2_4",5.38461538461539,10,0,0,0,0,1.53846153846154,0,0,0,0,0,0,0.769230769230769,0,0,0,0,0,6.15384615384615,0.769230769230769,0,0,0,0,0,0,20,0,0,0,0,0,0,0,0,3.84615384615385,0,0,0,0
"101","Leone2_5",2.30769230769231,3.07692307692308,0,1.53846153846154,0,0,0,0,0,0,0,0,0,0,0,0,0,0,0,19.2307692307692,0,0,0,0,0,0.769230769230769,0,12.3076923076923,0,0,0,0,0.769230769230769,0,0,0,2.30769230769231,0,0,0,0
"102","Leone2_6",3.84615384615385,0.769230769230769,0,0,0,0,0,0,0,0,0,0,0,0,0,0,0,0,0,13.8461538461538,0,0,0,0,0,0,0,17.6923076923077,0,0,0.769230769230769,0,0.769230769230769,0,0,0,0,0.769230769230769,0,0,0
"103","Maloata_1",1.53846153846154,0,0,0,0,0,0,0,0,0,0,0,0,0,0,0,0,0.769230769230769,0.769230769230769,0,0.769230769230769,0,0,0,0,0,0,24.6153846153846,0,0,2.30769230769231,0,2.30769230769231,0,0.769230769230769,0,20,0,0,0,2.30769230769231
"104","Maloata_2",0,1.53846153846154,0,3.07692307692308,0,0,0.769230769230769,0,0,0,0,0,0,0,0,0,0,0,0,0,0,0,0,0,0,0,0,30.7692307692308,0,0,2.30769230769231,0,0.769230769230769,0,0,0,5.38461538461539,0,0,0,0.769230769230769
"105","Maloata_3",3.84615384615385,0,0,0,0,0,0,1.53846153846154,0,0,0,0,0.769230769230769,2.30769230769231,0,0,0,0,0,0,0,0,0,0,0,0,0,23.0769230769231,0,0,2.30769230769231,0,5.38461538461539,0,0,0,16.1538461538462,0,0,0,0
"106","Maloata_4",4.61538461538461,0,0,0.769230769230769,0,0,0,0,0,0,0,2.30769230769231,0.769230769230769,0,0,0,0,0,0,0,0,0,0,0,0,0,0,46.9230769230769,0,0,3.07692307692308,0,1.53846153846154,0,0,0,0.769230769230769,0,0,0,0
"107","Maloata_5",3.07692307692308,0.769230769230769,0,0.769230769230769,0,0,0,0,0,0,0,0,0,0,0,0,0,0,0,0,2.30769230769231,0,0,0,0,0,1.53846153846154,40.7692307692308,0,0,5.38461538461539,0,2.30769230769231,0,0,0,5.38461538461539,0,0,0,0
"108","Maloata_6",3.07692307692308,0,0,2.30769230769231,0.769230769230769,0,1.53846153846154,0,0,0,0,0,2.30769230769231,0,0,0,0,0,0,0,0,0,0,0,0,0.769230769230769,1.53846153846154,42.3076923076923,0,0,6.15384615384615,0,6.15384615384615,0,0,0,1.53846153846154,0,0,0,0
"109","Masausi_1",0,0,0,0,0,0,0.769230769230769,0,0,0,0,0,0,0,0,0,0,0,0,0,3.84615384615385,0,0,0,0,0.769230769230769,1.53846153846154,26.9230769230769,0,0,7.69230769230769,0,0,0,0,0.769230769230769,5.38461538461539,0.769230769230769,0,0,0
"110","Masausi_2",3.07692307692308,0,0,0,0,0,0.769230769230769,0,0,0,0,0,0,0,0,0,0,0,0,0,1.53846153846154,0,0,0,0,0,0.769230769230769,22.3076923076923,0.769230769230769,0,10,0,0.769230769230769,0,0,0,6.15384615384615,0,0,0,0
"111","Masausi_3",5.38461538461539,0,0.769230769230769,0,0,0,0.769230769230769,0,0,0,0.769230769230769,0,1.53846153846154,0,0,0,2.30769230769231,0.769230769230769,0,0,0,0,0,0,0,0,3.84615384615385,13.0769230769231,0,0,16.9230769230769,0,2.30769230769231,0,0,0,0.769230769230769,0,0,0.769230769230769,0
"112","Masausi_4",2.30769230769231,0,0,0,0,0,0,0,0.769230769230769,0,0,0,0,0,0,0.769230769230769,0,1.53846153846154,0,0,0.769230769230769,0,0,0,0,0,2.30769230769231,15.3846153846154,0,0,9.23076923076923,0,2.30769230769231,0,0,0,1.53846153846154,1.53846153846154,0,0,0
"113","Masausi_5",4.61538461538461,0,0,1.53846153846154,0,0,1.53846153846154,0,0,0,0,0,0,0,0,0,0,0,0,0,1.53846153846154,0,0,0,0,0,1.53846153846154,20.7692307692308,0,0,3.07692307692308,0,0.769230769230769,0,0,0,1.53846153846154,0,0,0,0
"114","Masausi_6",1.53846153846154,0.769230769230769,0,1.53846153846154,4.61538461538461,0,0,0,0,0,0,1.53846153846154,0,0,0,0.769230769230769,0,0,0,0,0,0,0,0,0,0,0,26.9230769230769,0,0,7.69230769230769,0,1.53846153846154,0.769230769230769,0,0,0.769230769230769,0,0,0,0
"115","Masefau_1",2.30769230769231,0,0,3.07692307692308,0,0,0,0,0,0,0,0,0,0,0,0,0,0,0,0,0,0,0,0,0,0,0,2.30769230769231,0,0,0,0,0.769230769230769,0,0,0,0,0,0,0,0
"116","Masefau_2",2.30769230769231,0,0,0,0,0,0,0,0,0,0,0,0,0,0,0,0,0,0,0,0,0,0,0,0,0,0,2.30769230769231,0,0,0,0,0.769230769230769,0,0,0.769230769230769,0.769230769230769,0,0,0,0
"117","Masefau_3",0.769230769230769,0,0,0,0,0,0,0,0,0,0,0,0,0,0,0,0,0,0,0,0,0,0,0,0,0,0,0,0,0,0,0,0,0,0,0,0,0,0,0,0
"118","Masefau_4",1.6,0,0,0.8,0,0,0,0,0,0,0,0,0,0,0,0,0,0,0,0,0,0,0,0,0,0,0,1.6,0,0,0,0,0,0,0,0.8,0,0,0,0,0
"119","Masefau_5",0.769230769230769,0,0,3.84615384615385,0,0,0,0,0,0,0,0,0,0,0,0,0,0,0,0,0,0,0,0,0,0,0,0,0,0,0,0,0,0,0,0,0,0,0,0,0
"120","Masefau_6",0,0,0,0,0,0,0,0,0,0,0,0,0,0,0,0,0,0,0,0,0,0,0,0,0,0,0,0.769230769230769,0,0,0,0,0,0,0,0,0,0,0,0,0
"121","Matuu_1",0,0,0,0,0,0,0,0,0,0,0,0,1.53846153846154,0.769230769230769,0,0.769230769230769,0,2.30769230769231,0,0,0,0,0,6.92307692307692,0.769230769230769,0.769230769230769,0,3.84615384615385,0,0,0,0,1.53846153846154,0,0,0,6.92307692307692,0,0,0,0
"122","Matuu_2",0.769230769230769,0,0,6.92307692307692,1.53846153846154,0,0,0,0,0,0,0,0,0,0.769230769230769,1.53846153846154,0,0,0,0,0,0,0,0,0,0,0.769230769230769,4.61538461538461,0,0,3.07692307692308,0,1.53846153846154,0,0,0,1.53846153846154,0,0,0,4.61538461538461
"123","Matuu_3",0,0,0,1.53846153846154,0,0,0,0,0,0,0.769230769230769,0,0,0,0,1.53846153846154,0,0,0,0,0.769230769230769,0,0,2.30769230769231,0,0,0,6.15384615384615,0,0,0.769230769230769,0,0,0,0,0,1.53846153846154,0,0,0,0
"124","Matuu_4",0.769230769230769,0,0,0,0,0,0,0,0,0,0,0,0,0,0,0,0,0,0.769230769230769,0,0,0,0,13.0769230769231,2.30769230769231,0,1.53846153846154,0.769230769230769,0,0,1.53846153846154,0,0,0,0,0,0,0,0,0,0.769230769230769
"125","Matuu_5",1.53846153846154,0,0,0,0,0,0,0,0,0,0.769230769230769,0,0,0,0,1.53846153846154,0,0,0,0,0,0,0,9.23076923076923,0,0,0.769230769230769,0.769230769230769,0,0,2.30769230769231,0,0,0,0,0,0,0,0,0,0
"126","Matuu_6",1.53846153846154,0.769230769230769,0,0,1.53846153846154,0,0,0,0,0,0,0,0,0,0,4.61538461538461,0,0,0,0,0,2.30769230769231,0,3.07692307692308,1.53846153846154,0,0,2.30769230769231,0,0,0,1.53846153846154,0.769230769230769,0,0,0,1.53846153846154,0,0,0,0
"127","Nua_1",0,0,0,0,0,0,0,0,0,0,0.769230769230769,0,0,0,0,0,0,0.769230769230769,0,8.46153846153846,0,0,0,0,0,0,0,3.07692307692308,0,0,0,0,0,0,0,0,9.23076923076923,0,0,0,0
"128","Nua_2",0,0,0,0,0,0,0,0,0,0,0,0,0,1.53846153846154,0,0.769230769230769,0,0,0,0,3.07692307692308,0,0,0,0,0,0,15.3846153846154,0,0,0,0,0,0,0,2.30769230769231,4.61538461538461,0,0,0,0
"129","Nua_3",0.769230769230769,0,0,0,3.07692307692308,0,0,0,0,0,0,0,0.769230769230769,0,0,0,0,0,0,0,0,0,0,0,0,0,0,17.6923076923077,0,0,0,0,0,0,0,0,4.61538461538461,4.61538461538461,0,0,0
"130","Nua_4",0,0,0,0,0,0,0,0,0,0,0,0,0,0,0,0,0,0,0,0.769230769230769,0,0,0,0,0,0,0,6.15384615384615,0,0,0,0,0,0,0,0,13.8461538461538,0,0,0,0
"131","Nua_5",1.53846153846154,0,0,0,0,0,0,0,0,0,3.07692307692308,0,0,0,0,0,0,0.769230769230769,0,2.30769230769231,0,0,0,0,0,0,0,6.92307692307692,0,0,1.53846153846154,0,0.769230769230769,0,0,0,3.84615384615385,0,0,0,0
"132","Nua_6",0,0.769230769230769,0,0,0,0,0,0,0,0,0,0,0,0,0,0,0,0,0,1.53846153846154,0,0,0,0,0,0,0,13.8461538461538,0,0,0.769230769230769,0,0,0,3.07692307692308,0,12.3076923076923,0,0,0,0
"133","Nuuuli_1",0.769230769230769,0,0,0,0,0,0.769230769230769,0,0,2.30769230769231,0,0,0,0,0,0,0,0,0,0,0,0,0,0,0,0,0,0,0,0,0,0,0.769230769230769,0,0,0,9.23076923076923,0,0,0,0
"134","Nuuuli_2",0.769230769230769,0,0,0,0,0,0,0,0,0,0,0,0,2.30769230769231,0,0.769230769230769,0,0,0,0,0,0,0,0,0,0,0.769230769230769,0,0,0,0,0,0,0,0,0,0.769230769230769,0,0,0,0
"135","Nuuuli_3",0,0,0,0,0,0,0,0,0,0,0,0,0,0,0,0,0,0,0,0,0,0,0,0,0,0,0,0,0,0,0.769230769230769,0,0,0,0,0,3.84615384615385,0,0,0,0
"136","Nuuuli_4",0,0,0,0,0,0,0,0,0,0,0,0,1.53846153846154,0,0,0,0,0,0,0,0,0,0,0,0,0,0,0.769230769230769,0,0,0,0,0.769230769230769,0,0,0,8.46153846153846,0.769230769230769,0,0,0
"137","Nuuuli_5",0,0,0,0,0,0,0,0,0,0,0,0,0,0,0,0,0,0,0,0,0,0.769230769230769,0,0,0,0,0,0,0,0,0,0,0,0,0,0,6.15384615384615,0,0,0,0
"138","Nuuuli_6",0,0,0,0,0,0,0,0,0,0,1.53846153846154,0,0,0,0,0,0,0,0,0,0,0,0,0,0,0,0,0,0,0,0,0,0.769230769230769,0,0,0,1.53846153846154,0,0,0,0
"139","Oa_1",0,0,0,0,0,0,0,0,0,0,0,0,0.769230769230769,1.53846153846154,0,0,0,6.15384615384615,0,0,4.61538461538461,0,0.769230769230769,0,0,0,0,26.1538461538462,0,0,9.23076923076923,2.30769230769231,0,0,0,0,4.61538461538461,2.30769230769231,0,0,0
"140","Oa_2",0,0,0,0,0,0,0,0,0,0,0,0,0.769230769230769,0,0,0,0,0,0,0,5.38461538461539,0,0,0,0,0,0,44.6153846153846,0,0,3.84615384615385,1.53846153846154,0.769230769230769,0,0,0.769230769230769,0.769230769230769,1.53846153846154,0,0,0
"141","Oa_3",0.769230769230769,0,0,0,0,0,0.769230769230769,0,0,0,0,0,0,0,0,0,0,0,0,0,1.53846153846154,0,0,0,0,2.30769230769231,0,36.1538461538462,0,0,15.3846153846154,0,0,0,0,0,1.53846153846154,0,0,0,0
"142","Oa_4",1.53846153846154,0,0,0,0,0,1.53846153846154,0,0,0,0.769230769230769,0,1.53846153846154,0,0,0,0,0,0,0,0.769230769230769,0,0,0,0,0,0.769230769230769,31.5384615384615,0,3.84615384615385,10.7692307692308,0,0,0,0,0,4.61538461538461,0,0,0,0
"143","Oa_5",3.2,0,0,0.8,0.8,0,0,0,0,0,0,0,1.6,0.8,0,0,0.8,0,0,0,1.6,0,0,0,0,0,0,36.8,0,0.8,7.2,0,1.6,0,0,0,0,0,0,0,0
"144","Oa_6",0.769230769230769,0,0,3.84615384615385,0,0,0.769230769230769,0,0,0,0,0,2.30769230769231,0.769230769230769,0,0,0.769230769230769,0,0,0,5.38461538461539,0,0,0,0,0,0,39.2307692307692,0,0,13.8461538461538,0,1.53846153846154,0,0,0,0,0,0,0,0
"145","Poloa_1",6.15384615384615,0,0,0,0,0,1.53846153846154,0,0,0,0,0,2.30769230769231,0.769230769230769,0,0,0,0,0,0,4.61538461538461,0,0,0,0,0,1.53846153846154,29.2307692307692,0,0,5.38461538461539,0,0,0,0,0.769230769230769,0,0,0,0,0
"146","Poloa_2",2.30769230769231,0,0,1.53846153846154,0,0,0,0,0,0,0,0,0,0,0,0,2.30769230769231,0,0,0,0.769230769230769,0,0,0,0,0,0,30,0,0,0.769230769230769,0,0.769230769230769,0,0,0,0,0.769230769230769,0,0,0
"147","Poloa_3",3.07692307692308,0,0,2.30769230769231,0,0,2.30769230769231,0,0,0,0,0,0,0,0,0,0,0,0,0,0,0,0,0,0,0,0.769230769230769,21.5384615384615,0,0,3.07692307692308,0,0.769230769230769,0,0,0,0,0.769230769230769,0,0,0
"148","Poloa_4",5.38461538461539,10.7692307692308,0,3.07692307692308,0,0,0,0,0,0,0,0,1.53846153846154,0,0,0,0,0,0,1.53846153846154,0,0,0,0,0,0,0.769230769230769,17.6923076923077,0,0,1.53846153846154,0,2.30769230769231,0,0,0,0,0,0,0,0
"149","Poloa_5",3.07692307692308,10,0,6.92307692307692,0,0,0,0,0,0,0,0,0,0,0,0,0,0,0,0,0,0,0,0,0,0,0.769230769230769,21.5384615384615,0,0,7.69230769230769,0,0,0,0,0,0,0,0,0,0
"150","Poloa_6",2.30769230769231,3.07692307692308,0,3.84615384615385,0,0,0,0,0,0,0,0,0,0,0,0,0,0,0,0,0,0,0,0,0,0,0,18.4615384615385,0,0,5.38461538461539,0,2.30769230769231,0,0,0,0,0,0,0,0
"151","Sita_1",2.30769230769231,0,0,0,0,0,0.769230769230769,0,0,2.30769230769231,0,0,0.769230769230769,3.84615384615385,0,0,0,1.53846153846154,0,0,0,0,0,0,0,0,0,16.1538461538462,0,0,6.15384615384615,0,0,0,0,0,2.30769230769231,0,0,0,0
"152","Sita_2",3.07692307692308,0,0,0,0,0,2.30769230769231,0,2.30769230769231,0,0,0,0.769230769230769,0.769230769230769,0,0,0,0,0,0,7.69230769230769,0,0,0,0,0,0,3.84615384615385,0,0,3.07692307692308,0,0.769230769230769,0,0,0,3.07692307692308,0.769230769230769,0,0,0
"153","Sita_3",0,0,0,2.4,1.6,0,0,0,0,0,0,0,1.6,0.8,0,0,0,0,0,0,3.2,0,0,0,0,0,0.8,23.2,0,0,3.2,0,0.8,0,0,0,0,0,0,0,0
"154","Sita_4",2.30769230769231,0,0,1.53846153846154,0,0,0,0,0,0,0,0,2.30769230769231,0.769230769230769,0,0,0.769230769230769,0,0,0,0,0,0,0,0,0,0,6.15384615384615,0,0,13.0769230769231,0,0,0,0,0,0,0.769230769230769,0,0,0
"155","Sita_5",0,0,0,0,0,0,0,0,0,0,0,0,5.38461538461539,0,0,0,0.769230769230769,0,0,0,0.769230769230769,2.30769230769231,0,0,0,0,0.769230769230769,10,0,0,3.84615384615385,0.769230769230769,0.769230769230769,0,0,0,0,0,0,0,0
"156","Sita_6",0,0.769230769230769,0,0.769230769230769,0,0,0,0,0,0,0,0,0,1.53846153846154,0,0.769230769230769,0,0,0,0,0,0,0,0,0,0,0,11.5384615384615,0,0,3.07692307692308,0,1.53846153846154,0,0,0.769230769230769,2.30769230769231,0,0,0,0
"157","Tafeu_1",0,0,0,0,0,0,6.92307692307692,0,0,0,0,0,0.769230769230769,0,0,0,0,0,0,0,2.30769230769231,0,0,0,0,0,0,3.84615384615385,0,0,0.769230769230769,0,0.769230769230769,0,0,2.30769230769231,40,0,0,0,0
"158","Tafeu_2",0,0,0,0,0.769230769230769,0,0,0,0,0,0,0,0,0,0,0,1.53846153846154,0,0,0,3.07692307692308,0,0,0.769230769230769,0,0,0,10,0,0,2.30769230769231,0,1.53846153846154,0,0,6.15384615384615,12.3076923076923,0,0,0,0
"159","Tafeu_3",1.53846153846154,0,0,0,0,0,0,0,0,0,0,0,0,0,0,0,0.769230769230769,0,0,0,0,0,0,0,0,0,0,7.69230769230769,0,0,4.61538461538461,0,0,0,0,1.53846153846154,10.7692307692308,0,0,0,0
"160","Tafeu_4",3.84615384615385,0,0,0,0,0,0,0,0,0,0,0,3.07692307692308,0,0,0,0,0,0,0,0,0,0,0,0,0,0,14.6153846153846,0,0,6.15384615384615,0,0,0,0,3.84615384615385,3.07692307692308,0,0,0,0
"161","Tafeu_5",0,0,0,0,0.769230769230769,0,0,0,0,0,0,0,0,0,0,0,0,0,0,0,0.769230769230769,0,0,0,0.769230769230769,0,0,25.3846153846154,0,0,3.84615384615385,0,0,0,0,0,7.69230769230769,0,0,0,0
"162","Tafeu_6",0,0,0,0,0,0,1.53846153846154,0,0,0,0,0,0,0,0,0,0,0,0,0,0,0,0,3.84615384615385,0,0,0,21.5384615384615,0,0,3.07692307692308,0,0.769230769230769,0.769230769230769,0,1.53846153846154,0.769230769230769,0,0,0,0
"163","Vatia_1",0,0,0,0.769230769230769,0,0,0,0,0,0,0,0,0,0,0,0,0,0,0,0,0,0,0,0,0,0,0,2.30769230769231,0,0,0,0,0.769230769230769,0,4.61538461538461,0.769230769230769,2.30769230769231,0,0,0,0
"164","Vatia_2",0,0,0,0,0,0,0,0,0,0,0,0,0,0,0.769230769230769,0,0,0,0,0,0,0,0,0,0,0,0,3.07692307692308,0,0,0,0,0,0,1.53846153846154,4.61538461538461,0,0,0,0,0
"165","Vatia_3",0,0,0,0,0,0,0,0,0,0,0,0,0,0,0,0,0,0,0,0,0,0,0,0,0,0,0,0.769230769230769,0,0,0,0,0,0,3.07692307692308,0,6.15384615384615,0,0,0,0
"166","Vatia_4",0,0,0,0,0,0,0,0,0,0,0,0,0,0,0,0,0,0,0,0,0,0,0,0,0,0,0,3.84615384615385,0,0,0.769230769230769,0,0,0,0.769230769230769,14.6153846153846,3.07692307692308,0,0,0,0
"167","Vatia_5",0,0,0,0,0,0,0,0,0,0,0,0,0,0,0,0,0,0,0,0,0,0,0,0,0,0,0,1.53846153846154,0,0,0.769230769230769,0,0,0,1.53846153846154,0,6.15384615384615,0,0,0,0
"168","Vatia_6",0,0,0,0,0,0,0,0,0,0,0,0,0,0,0,0,0,0,0,0,0,0,0,0,0,0,0,3.07692307692308,0,0,0,0,0,0,1.53846153846154,3.07692307692308,9.23076923076923,0,0,0,0
