,sitename,X.x,distances,rank,quartile,dispersion,X.y,site_transect,transect_no,CORAL,OI,MA,MA_noHALI,BCA,CCA,SAND,FCA,RUB,TURF,HALI,BSR
1,Aasu,1,17.55104884,28,4,High,1,Aasu_1,1,23.07692308,0.769230769,7.692307692,2.307692308,3.076923077,16.92307692,0.769230769,8.461538462,1.538461538,37.69230769,5.384615385,1
2,Aasu,1,17.55104884,28,4,High,2,Aasu_2,2,46.15384615,2.307692308,1.538461538,1.538461538,2.307692308,10.76923077,0,7.692307692,0,29.23076923,0,1.54
3,Aasu,1,17.55104884,28,4,High,5,Aasu_5,5,34.61538462,0,0,2.307692308,0,35.38461538,0,19.23076923,0,10.76923077,0,2.166666667
4,Aasu,1,17.55104884,28,4,High,6,Aasu_6,6,39.23076923,1.538461538,0,0,0,31.53846154,0,24.61538462,0,3.076923077,0,2.555555556
5,Aasu,1,17.55104884,28,4,High,3,Aasu_3,3,35.38461538,0,2.307692308,0,0,18.46153846,0,16.92307692,0,26.92307692,0,1.228070175
6,Aasu,1,17.55104884,28,4,High,4,Aasu_4,4,28.46153846,1.538461538,0,0,0,33.07692308,0.769230769,21.53846154,0,14.61538462,0,1.70212766
7,Afono,2,12.28570702,16,3,Med,7,Afono_1,1,18.46153846,0.769230769,36.15384615,0.769230769,13.07692308,0,0,25.38461538,0,6.153846154,35.38461538,2.071428571
8,Afono,2,12.28570702,16,3,Med,8,Afono_2,2,17.69230769,0,24.61538462,0.769230769,10,8.461538462,6.923076923,20.76923077,0,11.53846154,23.84615385,1.813953488
9,Afono,2,12.28570702,16,3,Med,11,Afono_5,5,16.15384615,0,30.76923077,0,18.46153846,12.30769231,0,20,0,2.307692308,30.76923077,3.482758621
10,Afono,2,12.28570702,16,3,Med,12,Afono_6,6,11.53846154,0,29.23076923,2.307692308,21.53846154,11.53846154,0,22.30769231,0,3.846153846,26.92307692,2.513513514
11,Afono,2,12.28570702,16,3,Med,9,Afono_3,3,26.15384615,1.538461538,16.15384615,0.769230769,10,5.384615385,3.846153846,28.46153846,0,8.461538462,15.38461538,1.510204082
12,Afono,2,12.28570702,16,3,Med,10,Afono_4,4,15.2,0,32.8,0,12.8,4.8,0,24.8,0,9.6,32.8,1.906976744
13,Alega,3,11.24620278,12,2,Med,18,Alega_6,6,3.846153846,10.76923077,4.615384615,1.538461538,1.538461538,46.15384615,0,33.07692308,0,0,3.076923077,1.577777778
14,Alega,3,11.24620278,12,2,Med,14,Alega_2,2,7.692307692,13.07692308,12.30769231,12.30769231,0,33.07692308,0,32.30769231,0,1.538461538,0,0.883333333
15,Alega,3,11.24620278,12,2,Med,13,Alega_1,1,13.84615385,15.38461538,4.615384615,4.615384615,0,31.53846154,0,33.84615385,0,0.769230769,0,1.156862745
16,Alega,3,11.24620278,12,2,Med,15,Alega_3,3,8.461538462,13.84615385,11.53846154,6.923076923,0,38.46153846,0,26.15384615,0,1.538461538,4.615384615,1.488888889
17,Alega,3,11.24620278,12,2,Med,16,Alega_4,4,23.07692308,9.230769231,3.846153846,3.846153846,0.769230769,31.53846154,3.846153846,22.30769231,0,4.615384615,0,1.8
18,Alega,3,11.24620278,12,2,Med,17,Alega_5,5,10.76923077,10,10.76923077,4.615384615,0.769230769,26.92307692,3.846153846,33.84615385,0,2.307692308,6.153846154,1.094339623
19,Alofau,4,15.94770995,24,4,High,19,Alofau_1,1,8.461538462,0,3.076923077,2.307692308,2.307692308,27.69230769,0,46.15384615,0,12.30769231,0.769230769,0.64556962
20,Alofau,4,15.94770995,24,4,High,20,Alofau_2,2,9.230769231,0,0,0,1.538461538,33.84615385,0,46.15384615,0,9.230769231,0,0.805555556
21,Alofau,4,15.94770995,24,4,High,21,Alofau_3,3,16.92307692,0,6.923076923,5.384615385,3.846153846,6.153846154,0,45.38461538,0,20.76923077,1.538461538,0.397849462
22,Alofau,4,15.94770995,24,4,High,22,Alofau_4,4,5.384615385,0,12.30769231,11.53846154,0.769230769,9.230769231,1.538461538,54.61538462,0,16.15384615,0.769230769,0.196261682
23,Alofau,4,15.94770995,24,4,High,23,Alofau_5,5,16,0.8,8,6.4,1.6,1.6,0.8,62.4,0,8.8,1.6,0.268041237
24,Alofau,4,15.94770995,24,4,High,24,Alofau_6,6,20,0,9.230769231,3.076923077,6.153846154,6.923076923,0,45.38461538,0,12.30769231,6.153846154,0.64556962
25,Amalau,5,8.857577061,4,1,Low,27,Amalau_3,3,65.38461538,0,2.307692308,0,0,13.84615385,0,17.69230769,0,0.769230769,2.307692308,4.416666667
26,Amalau,5,8.857577061,4,1,Low,25,Amalau_1,1,52.30769231,3.076923077,2.307692308,0,0,18.46153846,0,20,0,3.846153846,2.307692308,3.064516129
27,Amalau,5,8.857577061,4,1,Low,29,Amalau_5,5,54.4,0,1.6,0.8,0,26.4,0,16,0,1.6,0.8,4.434782609
28,Amalau,5,8.857577061,4,1,Low,28,Amalau_4,4,46.92307692,1.538461538,0,0,0.769230769,17.69230769,0,30,0,3.076923077,0,1.976744186
29,Amalau,5,8.857577061,4,1,Low,26,Amalau_2,2,60.76923077,0,4.615384615,0,0.769230769,16.15384615,0,17.69230769,0,0,4.615384615,4.652173913
30,Amalau,5,8.857577061,4,1,Low,30,Amalau_6,6,61.53846154,0,2.307692308,0,0,13.84615385,0,21.53846154,0,0.769230769,2.307692308,3.482758621
31,Amaluia,6,14.45268444,19,3,Med,32,Amaluia_2,2,37.69230769,0.769230769,20,18.46153846,0,23.07692308,2.307692308,10.76923077,0,5.384615385,1.538461538,1.8
32,Amaluia,6,14.45268444,19,3,Med,36,Amaluia_6,6,61.53846154,2.307692308,2.307692308,2.307692308,0,13.07692308,0,16.15384615,0,4.615384615,0,3.233333333
33,Amaluia,6,14.45268444,19,3,Med,34,Amaluia_4,4,48.46153846,1.538461538,6.153846154,6.153846154,0,22.30769231,0,16.92307692,0,4.615384615,0,2.555555556
34,Amaluia,6,14.45268444,19,3,Med,33,Amaluia_3,3,46.15384615,2.307692308,20.76923077,19.23076923,0,21.53846154,0,6.923076923,0,2.307692308,1.538461538,2.432432432
35,Amaluia,6,14.45268444,19,3,Med,31,Amaluia_1,1,53.07692308,8.461538462,0,0,0,23.07692308,0,13.07692308,0,2.307692308,0,4.95
36,Amaluia,6,14.45268444,19,3,Med,35,Amaluia_5,5,40,3.076923077,6.153846154,5.384615385,0,19.23076923,0,23.07692308,0,8.461538462,0.769230769,1.625
37,Amanave,7,11.33516759,13,2,Med,37,Amanave_1,1,42.30769231,7.692307692,0,0,1.538461538,23.84615385,0,23.07692308,0,1.538461538,0,2.75
38,Amanave,7,11.33516759,13,2,Med,38,Amanave_2,2,53.84615385,13.07692308,0.769230769,0.769230769,0,21.53846154,0,10,0,0.769230769,0,6.533333333
40,Amanave,7,11.33516759,13,2,Med,40,Amanave_4,4,66.15384615,4.615384615,0,0,0,21.53846154,0,6.923076923,0,0.769230769,0,11.4
41,Amanave,7,11.33516759,13,2,Med,42,Amanave_6,6,53.84615385,5.384615385,0,0,0,33.84615385,0,6.153846154,0,0.769230769,0,12.66666667
42,Amanave,7,11.33516759,13,2,Med,39,Amanave_3,3,55.38461538,3.846153846,0,0,0,29.23076923,0,7.692307692,0,3.846153846,0,7.333333333
43,Amaua,8,16.52714946,25,4,High,44,Amaua_2,2,4.615384615,0.769230769,27.69230769,27.69230769,0,23.84615385,0,41.53846154,0,1.538461538,0,0.402173913
44,Amaua,8,16.52714946,25,4,High,43,Amaua_1,1,35.38461538,0.769230769,3.846153846,3.846153846,0,23.07692308,0,31.53846154,0,5.384615385,0,1.433962264
45,Amaua,8,16.52714946,25,4,High,45,Amaua_3,3,9.230769231,0,13.84615385,13.84615385,0,36.92307692,0,36.92307692,0,3.076923077,0,0.857142857
46,Amaua,8,16.52714946,25,4,High,46,Amaua_4,4,6.153846154,6.923076923,10.76923077,10.76923077,0,27.69230769,0,48.46153846,0,0,0,0.571428571
47,Amaua,8,16.52714946,25,4,High,47,Amaua_5,5,1.538461538,13.07692308,12.30769231,12.30769231,0,29.23076923,0,43.84615385,0,0,0,0.547945205
48,Amaua,8,16.52714946,25,4,High,48,Amaua_6,6,5.384615385,10,6.153846154,5.384615385,0,37.69230769,0,36.92307692,0,3.846153846,0.769230769,0.95
49,Amouli,9,12.24085675,15,3,Med,52,Amouli_4,4,44.61538462,1.538461538,0,0,0,37.69230769,0.769230769,9.230769231,0,6.153846154,0,5.35
50,Amouli,9,12.24085675,15,3,Med,51,Amouli_3,3,13.07692308,2.307692308,1.538461538,1.538461538,0,49.23076923,0,31.53846154,0,2.307692308,0,1.760869565
51,Amouli,9,12.24085675,15,3,Med,54,Amouli_6,6,35.38461538,3.076923077,0,0,0.769230769,39.23076923,0,19.23076923,0,2.307692308,0,3.5
52,Amouli,9,12.24085675,15,3,Med,50,Amouli_2,2,21.53846154,3.076923077,0.769230769,0.769230769,0,40,0,31.53846154,0,3.076923077,0,1.739130435
53,Amouli,9,12.24085675,15,3,Med,53,Amouli_5,5,27.2,1.6,0,0,0,50.4,0,17.6,0,3.2,0,3.730769231
54,Amouli,9,12.24085675,15,3,Med,49,Amouli_1,1,30.76923077,3.076923077,0,0,0.769230769,42.30769231,0,20.76923077,0,2.307692308,0,3.2
55,Aoa,10,14.465671,20,3,Med,60,Aoa_6,6,60.76923077,1.538461538,0.769230769,0.769230769,7.692307692,16.15384615,0,10.76923077,0,2.307692308,0,6.111111111
56,Aoa,10,14.465671,20,3,Med,58,Aoa_4,4,50.76923077,1.538461538,1.538461538,0,10.76923077,10,0.769230769,15.38461538,0,9.230769231,1.538461538,2.96875
57,Aoa,10,14.465671,20,3,Med,56,Aoa_2,2,37.69230769,0,3.076923077,2.307692308,13.07692308,4.615384615,0.769230769,23.84615385,0,16.92307692,0.769230769,1.303571429
58,Aoa,10,14.465671,20,3,Med,55,Aoa_1,1,41.53846154,0,4.615384615,4.615384615,2.307692308,8.461538462,1.538461538,15.38461538,0,25.38461538,0,1.152542373
59,Aoa,10,14.465671,20,3,Med,59,Aoa_5,5,43.84615385,0,0,0,24.61538462,8.461538462,0,18.46153846,0,4.615384615,0,3.333333333
60,Aoa,10,14.465671,20,3,Med,57,Aoa_3,3,59.23076923,0,0.769230769,0,18.46153846,3.846153846,0,15.38461538,0,2.307692308,0.769230769,4.652173913
61,Fagaalu,11,10.62190319,9,2,Med,62,Fagaalu_2,2,13.84615385,0,0,0,0,40.76923077,0,43.07692308,0,2.307692308,0,1.203389831
62,Fagaalu,11,10.62190319,9,2,Med,63,Fagaalu_3,3,11.53846154,0,0,0,0,31.53846154,0,54.61538462,0,2.307692308,0,0.756756757
63,Fagaalu,11,10.62190319,9,2,Med,65,Fagaalu_5,5,12.30769231,0,0,0,0,39.23076923,0,46.92307692,0,1.538461538,0,1.063492063
64,Fagaalu,11,10.62190319,9,2,Med,66,Fagaalu_6,6,7.692307692,1.538461538,0,0,0,26.15384615,0,63.07692308,0,1.538461538,0,0.523809524
65,Fagaalu,11,10.62190319,9,2,Med,64,Fagaalu_4,4,11.53846154,9.230769231,0,0,0,25.38461538,0,48.46153846,0,5.384615385,0,0.685714286
66,Fagaalu,11,10.62190319,9,2,Med,61,Fagaalu_1,1,0.769230769,0,1.538461538,0,0,32.30769231,0,62.30769231,0,3.076923077,1.538461538,0.529411765
67,Fagaitua,12,7.396684339,2,1,Low,67,Fagaitua_1,1,44.61538462,0.769230769,0,0,1.538461538,33.84615385,0,14.61538462,0,4.615384615,0,4.16
68,Fagaitua,12,7.396684339,2,1,Low,70,Fagaitua_4,4,41.53846154,3.076923077,2.307692308,1.538461538,5.384615385,32.30769231,0,13.07692308,0,2.307692308,0.769230769,4.727272727
69,Fagaitua,12,7.396684339,2,1,Low,71,Fagaitua_5,5,42.30769231,0.769230769,1.538461538,0.769230769,3.846153846,35.38461538,0,10,0,6.153846154,0.769230769,4.863636364
70,Fagaitua,12,7.396684339,2,1,Low,68,Fagaitua_2,2,40.76923077,2.307692308,3.846153846,2.307692308,2.307692308,18.46153846,0,24.61538462,0.769230769,6.923076923,1.538461538,1.863636364
71,Fagaitua,12,7.396684339,2,1,Low,69,Fagaitua_3,3,40.76923077,0,1.538461538,0,6.923076923,27.69230769,0,14.61538462,0,8.461538462,1.538461538,3.333333333
72,Fagaitua,12,7.396684339,2,1,Low,72,Fagaitua_6,6,38.46153846,0.769230769,2.307692308,0,5.384615385,32.30769231,0,16.92307692,0,3.846153846,2.307692308,3.777777778
73,Fagamalo,13,11.93392637,14,2,Med,73,Fagamalo_1,1,30,0,1.538461538,0,1.538461538,25.38461538,0,24.61538462,0,16.92307692,1.538461538,1.407407407
74,Fagamalo,13,11.93392637,14,2,Med,76,Fagamalo_4,4,16.92307692,0,0,0,0,42.30769231,0,23.07692308,0,17.69230769,0,1.452830189
75,Fagamalo,13,11.93392637,14,2,Med,77,Fagamalo_5,5,10.76923077,0,0,0,0,41.53846154,0,27.69230769,0,12.30769231,0,1.307692308
76,Fagamalo,13,11.93392637,14,2,Med,78,Fagamalo_6,6,14.61538462,0,1.538461538,0.769230769,0.769230769,34.61538462,0,29.23076923,0,19.23076923,0.769230769,1.03125
77,Fagamalo,13,11.93392637,14,2,Med,75,Fagamalo_3,3,31.53846154,0,3.076923077,0,4.615384615,23.84615385,0.769230769,16.15384615,0,20,3.076923077,1.744680851
78,Fagamalo,13,11.93392637,14,2,Med,74,Fagamalo_2,2,25.38461538,0,3.076923077,0,0.769230769,26.92307692,0,23.07692308,0,20.76923077,3.076923077,1.280701754
79,Fagasa2,14,16.93530765,26,4,High,83,Fagasa2_5,5,13.84615385,0,10,8.461538462,1.538461538,35.38461538,0,20.76923077,0,18.46153846,1.538461538,1.096774194
80,Fagasa2,14,16.93530765,26,4,High,84,Fagasa2_6,6,10,0.769230769,7.692307692,0,2.307692308,42.30769231,0,15.38461538,0,21.53846154,7.692307692,1.6875
81,Fagasa2,14,16.93530765,26,4,High,81,Fagasa2_3,3,21.53846154,0,10,7.692307692,3.076923077,13.84615385,0,20.76923077,0,30.76923077,2.307692308,0.688311688
82,Fagasa2,14,16.93530765,26,4,High,82,Fagasa2_4,4,26.15384615,3.076923077,7.692307692,0.769230769,4.615384615,13.84615385,0,18.46153846,0,26.15384615,6.923076923,1.13559322
83,Fagasa2,14,16.93530765,26,4,High,79,Fagasa2_1,1,26.92307692,0,7.692307692,0,8.461538462,10.76923077,0,13.84615385,0,32.30769231,7.692307692,1.166666667
84,Fagasa2,14,16.93530765,26,4,High,80,Fagasa2_2,2,30.76923077,0,5.384615385,0,21.53846154,9.230769231,1.538461538,7.692307692,0,23.84615385,5.384615385,2.12195122
85,Fagatele,15,10.73174196,11,2,Med,89,Fagatele_5,5,39.23076923,3.076923077,6.153846154,3.076923077,1.538461538,31.53846154,0,13.07692308,0,5.384615385,3.076923077,3.5
86,Fagatele,15,10.73174196,11,2,Med,88,Fagatele_4,4,36.15384615,3.846153846,3.076923077,0.769230769,0.769230769,30,0,23.84615385,0,2.307692308,2.307692308,2.571428571
87,Fagatele,15,10.73174196,11,2,Med,90,Fagatele_6,6,32.30769231,2.307692308,6.923076923,6.923076923,0.769230769,35.38461538,0,20.76923077,0,1.538461538,0,2.342105263
88,Fagatele,15,10.73174196,11,2,Med,85,Fagatele_1,1,40.76923077,4.615384615,9.230769231,3.076923077,0.769230769,17.69230769,0,19.23076923,0.769230769,6.923076923,6.153846154,2.236842105
89,Fagatele,15,10.73174196,11,2,Med,87,Fagatele_3,3,50,0.769230769,2.307692308,0.769230769,0,20,0,22.30769231,0,4.615384615,1.538461538,2.583333333
90,Fagatele,15,10.73174196,11,2,Med,86,Fagatele_2,2,46.92307692,0.769230769,5.384615385,1.538461538,0,24.61538462,0,13.07692308,0,9.230769231,3.846153846,3.161290323
91,Laulii,16,15.70880581,22,4,High,95,Laulii_5,5,17.69230769,10.76923077,3.076923077,1.538461538,5.384615385,33.84615385,0,25.38461538,0,3.846153846,1.538461538,1.9
92,Laulii,16,15.70880581,22,4,High,96,Laulii_6,6,22.30769231,25.38461538,0.769230769,0.769230769,7.692307692,24.61538462,0,12.30769231,0.769230769,6.153846154,0,2.84
93,Laulii,16,15.70880581,22,4,High,94,Laulii_4,4,34.61538462,2.307692308,0,0,3.076923077,40,1.538461538,12.30769231,0,6.153846154,0,4.208333333
94,Laulii,16,15.70880581,22,4,High,91,Laulii_1,1,16.92307692,0,3.076923077,3.076923077,6.153846154,23.84615385,0,46.92307692,0,3.076923077,0,0.884057971
95,Laulii,16,15.70880581,22,4,High,92,Laulii_2,2,17.6,4,0.8,0.8,2.4,36,0,34.4,0.8,4,0,1.428571429
96,Laulii,16,15.70880581,22,4,High,93,Laulii_3,3,25.38461538,6.923076923,1.538461538,1.538461538,0,38.46153846,0,25.38461538,0,2.307692308,0,2.184210526
97,Leone2,17,9.487372262,7,1,Low,102,Leone2_6,6,38.46153846,1.538461538,14.61538462,14.61538462,0,31.53846154,0,12.30769231,0,1.538461538,0,2.459459459
98,Leone2,17,9.487372262,7,1,Low,101,Leone2_5,5,42.30769231,2.307692308,3.846153846,3.846153846,0,20,0,14.61538462,0,16.92307692,0,1.760869565
99,Leone2,17,9.487372262,7,1,Low,99,Leone2_3,3,48.46153846,0.769230769,12.30769231,12.30769231,0,26.15384615,0,9.230769231,0,3.076923077,0,3.03125
100,Leone2,17,9.487372262,7,1,Low,97,Leone2_1,1,50.76923077,2.307692308,3.846153846,3.846153846,0,28.46153846,0,13.07692308,0,1.538461538,0,4.291666667
101,Leone2,17,9.487372262,7,1,Low,98,Leone2_2,2,44.61538462,1.538461538,13.07692308,13.07692308,0.769230769,22.30769231,0,11.53846154,0,6.153846154,0,2.2
102,Leone2,17,9.487372262,7,1,Low,100,Leone2_4,4,48.46153846,0,8.461538462,6.153846154,0,24.61538462,0,13.07692308,0,5.384615385,2.307692308,3.0625
103,Maloata,18,9.476535062,6,1,Low,105,Maloata_3,3,55.38461538,0,0,0,2.307692308,20,0,20.76923077,0,1.538461538,0,3.482758621
104,Maloata,18,9.476535062,6,1,Low,103,Maloata_1,1,56.15384615,0,0,0,6.153846154,18.46153846,0,16.15384615,0,3.076923077,0,4.2
105,Maloata,18,9.476535062,6,1,Low,107,Maloata_5,5,62.30769231,0,0,0,0,26.15384615,0,10.76923077,0,0.769230769,0,7.666666667
106,Maloata,18,9.476535062,6,1,Low,106,Maloata_4,4,60.76923077,0,0,0,0,16.15384615,0,22.30769231,0,0.769230769,0,3.333333333
107,Maloata,18,9.476535062,6,1,Low,108,Maloata_6,6,68.46153846,0,0,0,0,18.46153846,0,12.30769231,0,0.769230769,0,6.647058824
108,Maloata,18,9.476535062,6,1,Low,104,Maloata_2,2,45.38461538,0,0.769230769,0,0.769230769,23.84615385,0,29.23076923,0,0,0.769230769,2.421052632
109,Masausi,19,8.579751964,3,1,Low,113,Masausi_5,5,36.92307692,0,3.846153846,0,1.538461538,16.15384615,0,39.23076923,0,2.307692308,3.846153846,1.407407407
110,Masausi,19,8.579751964,3,1,Low,109,Masausi_1,1,48.46153846,1.538461538,0.769230769,0,0.769230769,13.84615385,0,20.76923077,0,13.84615385,0.769230769,1.844444444
111,Masausi,19,8.579751964,3,1,Low,110,Masausi_2,2,46.15384615,0,3.076923077,0,2.307692308,16.15384615,0,29.23076923,0,3.076923077,3.076923077,2.095238095
112,Masausi,19,8.579751964,3,1,Low,111,Masausi_3,3,50,0,0,0,1.538461538,13.07692308,0,32.30769231,0,3.076923077,0,1.826086957
113,Masausi,19,8.579751964,3,1,Low,114,Masausi_6,6,48.46153846,0,3.846153846,0,3.846153846,10.76923077,0,29.23076923,0,3.846153846,3.846153846,2.023255814
114,Masausi,19,8.579751964,3,1,Low,112,Masausi_4,4,38.46153846,0,1.538461538,0,2.307692308,19.23076923,0,32.30769231,0,5.384615385,1.538461538,1.632653061
115,Masefau,20,15.72464319,23,4,High,115,Masefau_1,1,8.461538462,0,20,0,16.15384615,0.769230769,9.230769231,11.53846154,6.153846154,27.69230769,20,1.156862745
116,Masefau,20,15.72464319,23,4,High,120,Masefau_6,6,0.769230769,0,6.923076923,0,20,0,30,11.53846154,15.38461538,15.38461538,6.923076923,1.028571429
117,Masefau,20,15.72464319,23,4,High,116,Masefau_2,2,6.923076923,0.769230769,10.76923077,1.538461538,14.61538462,1.538461538,13.07692308,8.461538462,8.461538462,35.38461538,9.230769231,0.711864407
118,Masefau,20,15.72464319,23,4,High,117,Masefau_3,3,0.769230769,0,16.92307692,0,10.76923077,6.153846154,8.461538462,11.53846154,25.38461538,20,16.92307692,1.097560976
119,Masefau,20,15.72464319,23,4,High,119,Masefau_5,5,4.615384615,0,10,0,16.92307692,0,14.61538462,3.076923077,13.84615385,36.92307692,10,0.788461538
120,Masefau,20,15.72464319,23,4,High,118,Masefau_4,4,4.8,0,9.6,0,8,0,24.8,4,7.2,41.6,9.6,0.49122807
121,Matuu,21,12.70539993,17,3,Med,124,Matuu_4,4,21.53846154,2.307692308,5.384615385,4.615384615,3.076923077,17.69230769,0,33.07692308,3.076923077,13.84615385,0.769230769,0.835820896
122,Matuu,21,12.70539993,17,3,Med,122,Matuu_2,2,27.69230769,2.307692308,5.384615385,3.846153846,1.538461538,30.76923077,0,24.61538462,2.307692308,5.384615385,1.538461538,1.818181818
123,Matuu,21,12.70539993,17,3,Med,123,Matuu_3,3,15.38461538,0.769230769,6.153846154,6.153846154,0,40,2.307692308,18.46153846,12.30769231,4.615384615,0,1.894736842
124,Matuu,21,12.70539993,17,3,Med,126,Matuu_6,6,21.53846154,7.692307692,3.846153846,3.076923077,0.769230769,40,0,23.84615385,0,2.307692308,0.769230769,2.157894737
125,Matuu,21,12.70539993,17,3,Med,121,Matuu_1,1,26.15384615,1.538461538,1.538461538,1.538461538,6.153846154,32.30769231,0.769230769,29.23076923,0,2.307692308,0,1.953488372
126,Matuu,21,12.70539993,17,3,Med,125,Matuu_5,5,16.92307692,1.538461538,3.846153846,1.538461538,0,36.15384615,0,40,0,1.538461538,2.307692308,1.285714286
127,Nua,22,14.47482313,21,3,Med,131,Nua_5,5,20.76923077,0,14.61538462,12.30769231,0,30.76923077,0,13.84615385,0,20,2.307692308,1.166666667
128,Nua,22,14.47482313,21,3,Med,132,Nua_6,6,32.30769231,0.769230769,22.30769231,18.46153846,2.307692308,14.61538462,0,16.15384615,1.538461538,10,3.846153846,1.189655172
129,Nua,22,14.47482313,21,3,Med,129,Nua_3,3,31.53846154,1.538461538,21.53846154,21.53846154,0,6.923076923,1.538461538,17.69230769,0,19.23076923,0,0.657894737
130,Nua,22,14.47482313,21,3,Med,127,Nua_1,1,22.30769231,0.769230769,33.84615385,33.84615385,0,17.69230769,0,14.61538462,0,10.76923077,0,0.675324675
131,Nua,22,14.47482313,21,3,Med,128,Nua_2,2,27.69230769,0.769230769,23.07692308,23.07692308,0,6.153846154,0,18.46153846,0,23.07692308,0,0.523809524
132,Nua,22,14.47482313,21,3,Med,130,Nua_4,4,20.76923077,1.538461538,27.69230769,22.30769231,0,18.46153846,0,25.38461538,0,6.153846154,5.384615385,0.828571429
133,Nuuuli,23,10.63713575,10,2,Med,135,Nuuuli_3,3,4.615384615,0.769230769,21.53846154,21.53846154,0,38.46153846,0,32.30769231,0,2.307692308,0,0.767123288
134,Nuuuli,23,10.63713575,10,2,Med,136,Nuuuli_4,4,12.30769231,1.538461538,25.38461538,25.38461538,0,32.30769231,0,26.15384615,0,2.307692308,0,0.828571429
135,Nuuuli,23,10.63713575,10,2,Med,137,Nuuuli_5,5,6.923076923,0,20,20,0,38.46153846,0,32.30769231,0,2.307692308,0,0.830985915
136,Nuuuli,23,10.63713575,10,2,Med,138,Nuuuli_6,6,3.846153846,22.30769231,22.30769231,22.30769231,0,24.61538462,0,23.84615385,0,3.076923077,0,0.578125
137,Nuuuli,23,10.63713575,10,2,Med,134,Nuuuli_2,2,5.384615385,1.538461538,21.53846154,21.53846154,0,38.46153846,0,29.23076923,0,3.846153846,0,0.802816901
138,Nuuuli,23,10.63713575,10,2,Med,133,Nuuuli_1,1,13.84615385,4.615384615,13.07692308,13.07692308,0,44.61538462,0,20.76923077,0,3.076923077,0,1.583333333
139,Oa,24,6.621669196,1,1,Low,142,Oa_4,4,57.69230769,0,0,0,3.846153846,13.07692308,0,13.07692308,0,12.30769231,0,2.939393939
140,Oa,24,6.621669196,1,1,Low,139,Oa_1,1,58.46153846,2.307692308,0.769230769,0.769230769,0,13.07692308,2.307692308,9.230769231,0,13.84615385,0,3
141,Oa,24,6.621669196,1,1,Low,140,Oa_2,2,60,0,1.538461538,0.769230769,0,16.92307692,0,6.153846154,1.538461538,13.84615385,0.769230769,3.740740741
142,Oa,24,6.621669196,1,1,Low,141,Oa_3,3,58.46153846,6.153846154,0.769230769,0.769230769,0,19.23076923,0,3.846153846,0,11.53846154,0,4.80952381
143,Oa,24,6.621669196,1,1,Low,143,Oa_5,5,56,0.8,0.8,0.8,0,15.2,0,9.6,0,17.6,0,2.542857143
144,Oa,24,6.621669196,1,1,Low,144,Oa_6,6,69.23076923,0,0.769230769,0.769230769,0,10.76923077,0,6.153846154,0,13.07692308,0,4
145,Poloa,25,8.903368463,5,1,Low,146,Poloa_2,2,39.23076923,0,0.769230769,0.769230769,0,40,0,16.15384615,0,3.846153846,0,3.814814815
146,Poloa,25,8.903368463,5,1,Low,145,Poloa_1,1,52.30769231,0,0,0,0,30,0,11.53846154,0,6.153846154,0,4.652173913
147,Poloa,25,8.903368463,5,1,Low,148,Poloa_4,4,44.61538462,0,0,0,0,32.30769231,0,20,0,3.076923077,0,3.333333333
148,Poloa,25,8.903368463,5,1,Low,150,Poloa_6,6,35.38461538,0,0,0,0,40,0,16.92307692,0,7.692307692,0,3.0625
149,Poloa,25,8.903368463,5,1,Low,147,Poloa_3,3,34.61538462,0,0,0,0,40.76923077,0,20,0,4.615384615,0,3.0625
150,Poloa,25,8.903368463,5,1,Low,149,Poloa_5,5,50,0,0,0,0,28.46153846,0,16.92307692,0,4.615384615,0,3.642857143
151,Sita,26,9.906072561,8,2,Med,155,Sita_5,5,25.38461538,1.538461538,9.230769231,0.769230769,0.769230769,31.53846154,0,20.76923077,0,10.76923077,8.461538462,2.047619048
152,Sita,26,9.906072561,8,2,Med,156,Sita_6,6,23.07692308,0,3.076923077,0,3.846153846,29.23076923,0,22.30769231,0,18.46153846,3.076923077,1.452830189
153,Sita,26,9.906072561,8,2,Med,153,Sita_3,3,37.6,0,4.8,3.2,0,28,0,17.6,0,12,1.6,2.048780488
154,Sita,26,9.906072561,8,2,Med,154,Sita_4,4,27.69230769,0.769230769,3.076923077,1.538461538,3.076923077,33.84615385,0,20,0,11.53846154,1.538461538,2
155,Sita,26,9.906072561,8,2,Med,152,Sita_2,2,28.46153846,0,1.538461538,1.538461538,7.692307692,25.38461538,0,16.15384615,0,20.76923077,0,1.6
156,Sita,26,9.906072561,8,2,Med,151,Sita_1,1,36.15384615,0.769230769,3.846153846,2.307692308,8.461538462,17.69230769,0,16.92307692,0,16.15384615,1.538461538,1.804347826
157,Tafeu,27,14.23643736,18,3,Med,159,Tafeu_3,3,26.92307692,18.46153846,0.769230769,0.769230769,0,17.69230769,0,12.30769231,0,23.84615385,0,1.208333333
158,Tafeu,27,14.23643736,18,3,Med,157,Tafeu_1,1,57.69230769,0,0.769230769,0.769230769,0,11.53846154,0,6.923076923,0,23.07692308,0,2.25
159,Tafeu,27,14.23643736,18,3,Med,161,Tafeu_5,5,39.23076923,16.15384615,0.769230769,0.769230769,0.769230769,3.846153846,0.769230769,16.15384615,0,22.30769231,0,1.117647059
160,Tafeu,27,14.23643736,18,3,Med,158,Tafeu_2,2,38.46153846,4.615384615,0,0,3.076923077,11.53846154,0,16.92307692,0,25.38461538,0,1.254545455
161,Tafeu,27,14.23643736,18,3,Med,162,Tafeu_6,6,33.84615385,33.84615385,3.076923077,3.076923077,0,6.923076923,0,4.615384615,0,17.69230769,0,1.606060606
162,Tafeu,27,14.23643736,18,3,Med,160,Tafeu_4,4,34.61538462,18.46153846,0.769230769,0.769230769,1.538461538,10.76923077,0.769230769,13.07692308,0,20,0,1.386363636
163,Vatia,28,17.2422166,27,4,High,163,Vatia_1,1,11.53846154,0,13.84615385,2.307692308,13.84615385,2.307692308,1.538461538,10,1.538461538,45.38461538,11.53846154,0.68
164,Vatia,28,17.2422166,27,4,High,164,Vatia_2,2,10,0,7.692307692,3.076923077,9.230769231,6.923076923,12.30769231,13.07692308,6.153846154,34.61538462,4.615384615,0.606060606
165,Vatia,28,17.2422166,27,4,High,165,Vatia_3,3,10,0,8.461538462,0.769230769,18.46153846,5.384615385,7.692307692,7.692307692,20,22.30769231,7.692307692,1.35
166,Vatia,28,17.2422166,27,4,High,166,Vatia_4,4,23.07692308,0,8.461538462,3.846153846,6.923076923,13.84615385,7.692307692,10,0.769230769,29.23076923,4.615384615,1.125
167,Vatia,28,17.2422166,27,4,High,167,Vatia_5,5,10,0,20,13.07692308,9.230769231,4.615384615,26.15384615,3.076923077,0,26.92307692,6.923076923,0.714285714
168,Vatia,28,17.2422166,27,4,High,168,Vatia_6,6,16.92307692,0,16.15384615,0,13.84615385,6.153846154,20,6.153846154,1.538461538,19.23076923,16.15384615,2.090909091
